{
  "epoch": [
    0,
    1,
    2,
    3,
    4,
    5,
    6,
    7,
    8,
    9,
    10,
    11,
    12,
    13,
    14,
    15,
    16,
    17,
    18,
    19,
    20,
    21,
    22,
    23,
    24,
    25,
    26,
    27,
    28,
    29,
    30,
    31,
    32,
    33,
    34,
    35,
    36,
    37,
    38,
    39
  ],
  "train_loss": [
    5.459300429344177,
    4.76541144657135,
    4.531684693336487,
    4.365365894794464,
    4.137517819881439,
    3.6406546597480776,
    3.4318632776737212,
    3.247877192735672,
    3.128347631692886,
    3.0324456555843353,
    2.890975619316101,
    2.778000264406204,
    2.7102163729667663,
    2.628745320081711,
    2.5556007595062256,
    2.4918896346092225,
    2.438432334899902,
    2.3875382747650145,
    2.3256884098052977,
    2.278472440004349,
    2.2483631925582888,
    2.1774414529800414,
    2.144304170370102,
    2.08464066362381,
    2.053159106016159,
    2.0117782843112946,
    1.9674389827251435,
    1.9332417197227478,
    1.9147277140617371,
    1.8718397629261017,
    1.8384832170009613,
    1.7985881395339967,
    1.7885526180267335,
    1.7589692132472992,
    1.73106290268898,
    1.7272165186405182,
    1.6951639850139617,
    1.6669150764942169,
    1.657133370399475,
    1.6274100034236907
  ],
  "val_loss": [
    4.97879613494873,
    NaN,
    4.520149730682373,
    NaN,
    3.8712555141448974,
    NaN,
    3.2440242500305176,
    NaN,
    3.107009756088257,
    NaN,
    2.8122239418029786,
    NaN,
    2.755461479187012,
    NaN,
    2.502887741088867,
    NaN,
    2.4009460372924805,
    NaN,
    2.3220061321258543,
    NaN,
    2.3274816608428956,
    NaN,
    2.23207119178772,
    NaN,
    2.1571673164367677,
    NaN,
    2.160597177505493,
    NaN,
    1.9511989450454712,
    NaN,
    1.9724640121459962,
    NaN,
    1.9346071796417237,
    NaN,
    1.845365014076233,
    NaN,
    1.8883827457427977,
    NaN,
    1.839116189956665,
    1.8783187465667726
  ],
  "train_policy_acc": [
    0.024125,
    0.02275,
    0.0425,
    0.063875,
    0.104125,
    0.183875,
    0.21425,
    0.24225,
    0.25975,
    0.273875,
    0.301625,
    0.31925,
    0.33625,
    0.351375,
    0.373,
    0.37825,
    0.3865,
    0.40575,
    0.412875,
    0.42025,
    0.427375,
    0.441375,
    0.451,
    0.458,
    0.468625,
    0.478375,
    0.49525,
    0.495875,
    0.4975,
    0.5045,
    0.51775,
    0.5185,
    0.5245,
    0.530625,
    0.534375,
    0.541625,
    0.542625,
    0.546625,
    0.546375,
    0.5475
  ],
  "val_policy_acc": [
    0.0275,
    NaN,
    0.061,
    NaN,
    0.1405,
    NaN,
    0.232,
    NaN,
    0.2495,
    NaN,
    0.312,
    NaN,
    0.325,
    NaN,
    0.372,
    NaN,
    0.3875,
    NaN,
    0.4045,
    NaN,
    0.416,
    NaN,
    0.4175,
    NaN,
    0.442,
    NaN,
    0.4495,
    NaN,
    0.4805,
    NaN,
    0.481,
    NaN,
    0.486,
    NaN,
    0.493,
    NaN,
    0.499,
    NaN,
    0.4955,
    0.5
  ],
  "train_threat_f1": [
    0.0,
    0.0,
    0.0,
    0.0,
    0.0,
    0.0,
    0.0,
    0.0,
    0.0,
    0.0,
    0.0,
    0.0,
    0.0,
    0.0,
    0.0,
    0.0,
    0.0,
    0.0,
    0.0,
    0.0,
    0.0,
    0.0,
    0.0,
    0.0,
    0.0,
    0.0,
    0.0,
    0.0,
    0.0,
    0.0,
    0.0,
    0.0,
    0.0,
    0.0,
    0.0,
    0.0,
    0.0,
    0.0,
    0.0,
    0.0
  ],
  "val_threat_f1": [
    0.0,
    NaN,
    0.0,
    NaN,
    0.0,
    NaN,
    0.0,
    NaN,
    0.0,
    NaN,
    0.0,
    NaN,
    0.0,
    NaN,
    0.0,
    NaN,
    0.0,
    NaN,
    0.0,
    NaN,
    0.0,
    NaN,
    0.0,
    NaN,
    0.0,
    NaN,
    0.0,
    NaN,
    0.0,
    NaN,
    0.0,
    NaN,
    0.0,
    NaN,
    0.0,
    NaN,
    0.0,
    NaN,
    0.0,
    0.0
  ],
  "train_win_f1": [
    0.0,
    0.0,
    0.0,
    0.0,
    0.0,
    0.0,
    0.0,
    0.0,
    0.0,
    0.0,
    0.0,
    0.0,
    0.0,
    0.0,
    0.0,
    0.0,
    0.0,
    0.0,
    0.0,
    0.0,
    0.0,
    0.0,
    0.0,
    0.0,
    0.0,
    0.0,
    0.0,
    0.0,
    0.0,
    0.0,
    0.0,
    0.0,
    0.0,
    0.0,
    0.0,
    0.0,
    0.0,
    0.0,
    0.0,
    0.0
  ],
  "val_win_f1": [
    0.0,
    NaN,
    0.0,
    NaN,
    0.0,
    NaN,
    0.0,
    NaN,
    0.0,
    NaN,
    0.0,
    NaN,
    0.0,
    NaN,
    0.0,
    NaN,
    0.0,
    NaN,
    0.0,
    NaN,
    0.0,
    NaN,
    0.0,
    NaN,
    0.0,
    NaN,
    0.0,
    NaN,
    0.0,
    NaN,
    0.0,
    NaN,
    0.0,
    NaN,
    0.0,
    NaN,
    0.0,
    NaN,
    0.0,
    0.0
  ],
  "_wall_time": 759.6225445270538,
  "_args": {
    "quick": false,
    "epochs": 40,
    "batch": 32,
    "hidden": 32,
    "depth": 6,
    "lr": 0.0003,
    "seed": 42,
    "data_dir": "C:\\Users\\Leon\\Desktop\\Psychograph\\hexgo-theory\\.claude\\worktrees\\cranky-jepsen-a5d631\\data\\static_positions"
  }
}