{
  "bragg_sp": [
    0.3360948860645294,
    0.520730197429657,
    0.35602089762687683,
    0.5077749490737915,
    0.2953231632709503,
    0.36356398463249207,
    0.39128994941711426,
    0.11191479116678238,
    0.11577215790748596,
    0.6815977692604065,
    0.3172401487827301,
    0.34451824426651,
    0.42907458543777466,
    0.3016298711299896,
    0.7124876976013184,
    0.15388022363185883,
    0.646998405456543,
    0.16931404173374176
  ],
  "bragg_rand": [
    0.05495987460017204,
    0.05555015057325363,
    0.05507028475403786,
    0.05614152550697327,
    0.05547606199979782,
    0.0553840696811676,
    0.05607976019382477,
    0.05146745964884758,
    0.05228543281555176,
    0.05497441813349724,
    0.056340042501688004,
    0.056947894394397736,
    0.055869702249765396,
    0.05661676079034805,
    0.05544353276491165,
    0.05382707342505455,
    0.05480927228927612,
    0.05509982258081436
  ],
  "bragg_hex_control": 0.6576632261276245,
  "N_per_game": [
    95,
    170,
    83,
    170,
    55,
    170,
    170,
    13,
    15,
    170,
    87,
    170,
    170,
    53,
    170,
    25,
    170,
    21
  ],
  "k_extent": 12.566370614359172,
  "grid": 256,
  "_wall_time": 58.18346890000066,
  "_params": {
    "n_games": 30,
    "horizon": 200,
    "burn_in": 30,
    "grid": 256,
    "k_extent": 12.566370614359172,
    "seed": 20260417,
    "device": "cuda"
  }
}