{
  "random": {
    "black": "random",
    "white": "random",
    "n_games": 60,
    "max_moves": 240,
    "wall_time": 109.8439398999999,
    "wins_black": 0,
    "wins_white": 0,
    "unfinished": 60,
    "mean_length": 240.0,
    "lengths": [
      240,
      240,
      240,
      240,
      240,
      240,
      240,
      240,
      240,
      240,
      240,
      240,
      240,
      240,
      240,
      240,
      240,
      240,
      240,
      240,
      240,
      240,
      240,
      240,
      240,
      240,
      240,
      240,
      240,
      240,
      240,
      240,
      240,
      240,
      240,
      240,
      240,
      240,
      240,
      240,
      240,
      240,
      240,
      240,
      240,
      240,
      240,
      240,
      240,
      240,
      240,
      240,
      240,
      240,
      240,
      240,
      240,
      240,
      240,
      240
    ],
    "ci_black": [
      0.0,
      0.06017393047793289
    ],
    "ci_white": [
      0.0,
      0.06017393047793289
    ]
  },
  "greedy": {
    "black": "greedy",
    "white": "greedy",
    "n_games": 60,
    "max_moves": 240,
    "wall_time": 103.37020179999854,
    "wins_black": 0,
    "wins_white": 0,
    "unfinished": 60,
    "mean_length": 240.0,
    "lengths": [
      240,
      240,
      240,
      240,
      240,
      240,
      240,
      240,
      240,
      240,
      240,
      240,
      240,
      240,
      240,
      240,
      240,
      240,
      240,
      240,
      240,
      240,
      240,
      240,
      240,
      240,
      240,
      240,
      240,
      240,
      240,
      240,
      240,
      240,
      240,
      240,
      240,
      240,
      240,
      240,
      240,
      240,
      240,
      240,
      240,
      240,
      240,
      240,
      240,
      240,
      240,
      240,
      240,
      240,
      240,
      240,
      240,
      240,
      240,
      240
    ],
    "ci_black": [
      0.0,
      0.06017393047793289
    ],
    "ci_white": [
      0.0,
      0.06017393047793289
    ]
  },
  "fork_aware": {
    "black": "fork_aware",
    "white": "fork_aware",
    "n_games": 60,
    "max_moves": 240,
    "wall_time": 99.87402020000081,
    "wins_black": 4,
    "wins_white": 3,
    "unfinished": 53,
    "mean_length": 228.01666666666668,
    "lengths": [
      240,
      240,
      240,
      240,
      240,
      35,
      240,
      240,
      240,
      149,
      240,
      240,
      240,
      240,
      240,
      240,
      240,
      240,
      240,
      240,
      240,
      240,
      240,
      240,
      240,
      240,
      240,
      240,
      193,
      240,
      113,
      240,
      240,
      240,
      240,
      240,
      240,
      240,
      143,
      240,
      240,
      240,
      240,
      240,
      240,
      240,
      240,
      91,
      237,
      240,
      240,
      240,
      240,
      240,
      240,
      240,
      240,
      240,
      240,
      240
    ],
    "ci_black": [
      0.02622827414319792,
      0.15925579893767722
    ],
    "ci_white": [
      0.01714919117914121,
      0.13700734625099836
    ]
  },
  "combo": {
    "black": "combo",
    "white": "combo",
    "n_games": 60,
    "max_moves": 240,
    "wall_time": 34.04478519999975,
    "wins_black": 26,
    "wins_white": 22,
    "unfinished": 12,
    "mean_length": 92.2,
    "lengths": [
      240,
      93,
      240,
      21,
      91,
      45,
      43,
      101,
      45,
      19,
      240,
      37,
      27,
      49,
      240,
      43,
      27,
      129,
      27,
      111,
      33,
      33,
      65,
      129,
      147,
      41,
      57,
      131,
      51,
      129,
      111,
      29,
      27,
      15,
      240,
      25,
      27,
      240,
      21,
      17,
      21,
      240,
      35,
      37,
      85,
      17,
      87,
      240,
      240,
      240,
      27,
      97,
      93,
      240,
      27,
      27,
      240,
      17,
      27,
      59
    ],
    "ci_black": [
      0.31572200394400635,
      0.5589678534530513
    ],
    "ci_white": [
      0.2562073884620827,
      0.4931723263320327
    ]
  },
  "ca_combo_v2": {
    "black": "ca_combo_v2",
    "white": "ca_combo_v2",
    "n_games": 60,
    "max_moves": 240,
    "wall_time": 42.81222530000014,
    "wins_black": 22,
    "wins_white": 28,
    "unfinished": 10,
    "mean_length": 93.1,
    "lengths": [
      240,
      71,
      33,
      37,
      23,
      49,
      17,
      59,
      29,
      33,
      39,
      23,
      27,
      75,
      37,
      15,
      33,
      51,
      63,
      23,
      157,
      49,
      121,
      240,
      83,
      240,
      33,
      59,
      33,
      75,
      67,
      191,
      67,
      240,
      53,
      235,
      69,
      240,
      29,
      63,
      35,
      115,
      17,
      95,
      31,
      240,
      185,
      240,
      23,
      159,
      23,
      240,
      141,
      240,
      240,
      15,
      43,
      41,
      17,
      125
    ],
    "ci_black": [
      0.2562073884620827,
      0.4931723263320327
    ],
    "ci_white": [
      0.34627701540988,
      0.5910679132886489
    ]
  },
  "_wall_time": 389.9598053999998,
  "_params": {
    "n_games": 60,
    "parallelism": 12,
    "max_moves": 240,
    "seed": 20260417,
    "ladder": [
      "random",
      "greedy",
      "fork_aware",
      "combo",
      "ca_combo_v2"
    ]
  }
}